{"count":1,"self":25.677671999999998,"total":85.45019769999999,"children":{"InitializeActuators":{"count":1,"self":0.0010016,"total":0.0010016,"children":null},"InitializeSensors":{"count":1,"self":0.0010049,"total":0.0010049,"children":null},"AgentSendState":{"count":64967,"self":0.3179879,"total":0.59013589999999994,"children":{"CollectObservations":{"count":12994,"self":0.0261523,"total":0.0261523,"children":null},"WriteActionMask":{"count":12994,"self":0.0087324,"total":0.0087324,"children":null},"RequestDecision":{"count":12994,"self":0.0465062,"total":0.23726329999999998,"children":{"AgentInfo.ToProto":{"count":12994,"self":0.043424199999999996,"total":0.19075709999999999,"children":{"GenerateSensorData":{"count":12994,"self":0.12469329999999999,"total":0.1473329,"children":{"RayPerceptionSensor.Perceive":{"count":12994,"self":0.0226396,"total":0.0226396,"children":null}}}}}}}}},"DecideAction":{"count":64967,"self":58.940492799999994,"total":58.9404908,"children":null},"AgentAct":{"count":64967,"self":0.23989249999999998,"total":0.23989249999999998,"children":null}},"gauges":{},"metadata":{"timer_format_version":"0.1.0","start_time_seconds":"1684368827","unity_version":"2021.3.18f1","command_line_arguments":"C:\\Program Files\\Unity\\Hub\\Editor\\2021.3.18f1\\Editor\\Unity.exe -projectpath C:\\Users\\gerso\\IA test -useHub -hubIPC -cloudEnvironment production","communication_protocol_version":"1.5.0","com.unity.ml-agents_version":"2.3.0-exp.4","scene_name":"SampleScene","end_time_seconds":"1684368912"}}